Time[Seconds], BTC_USD, ETH_USD, ETH_BTC, BTC_THB, ETH_THB
"1639680786.857627","47892.1","4013.56","0.08383","1614903.85","135375.02",
"1639681105.3166227","47962.83","4025.32","0.08391","1615903.94","135489.43",
"1639681296.3215156","47987.88","4026.47","0.0839","1615670.22","135552.39",
"1639681310.9568138","47996.87","4026.75","0.08389","1615640.23","135554.07",
"1639681321.2913678","48000.8","4027.36","0.08389","1615610.17","135574.28",
