Time[Seconds], Balance/BTC
"1639744644.5959122","0.00300251",
