Time[Seconds], Balance/BTC
"1639744644.5959122","0.00300251",
"1639745179.1694953","0.00300251",
"1639745408.0072582","0.00300251",
"1639745432.4556503","0.00300251",
"1639745643.2861292","0.00300251",
